name,email
Avery Gonzalez,avery.gonzalez784@example.com
Cameron Johnson,cameron.johnson47@mail.com
Reese Garcia,reese.garcia173@example.com
Jordan Taylor,jordan.taylor387@mail.com
Riley Brown,riley.brown384@example.com
Logan Smith,logan.smith318@test.org
Rowan Jones,rowan.jones684@sample.net
Finley Hernandez,finley.hernandez426@sample.net
Reese Davis,reese.davis598@sample.net
Logan Hernandez,logan.hernandez837@sample.net
Jordan Miller,jordan.miller149@test.org
Jamie Miller,jamie.miller885@example.com
Quinn Brown,quinn.brown780@test.org
Drew Smith,drew.smith845@sample.net
Quinn Gonzalez,quinn.gonzalez918@example.com
Jamie Smith,jamie.smith5@mail.com
Emerson Thomas,emerson.thomas965@example.com
Drew Moore,drew.moore853@sample.net
Alex Garcia,alex.garcia400@example.com
Casey Moore,casey.moore499@example.com
Harper Martinez,harper.martinez948@mail.com
Jordan Gonzalez,jordan.gonzalez793@example.com
Quinn Johnson,quinn.johnson688@example.com
Jordan Martin,jordan.martin536@mail.com
Logan Wilson,logan.wilson391@mail.com
Avery Brown,avery.brown901@sample.net
Jordan Brown,jordan.brown663@sample.net
Riley Taylor,riley.taylor721@test.org
Quinn Jackson,quinn.jackson666@test.org
Cameron Davis,cameron.davis491@example.com
Kendall Martinez,kendall.martinez892@example.com
Riley Lopez,riley.lopez697@example.com
Sawyer Garcia,sawyer.garcia914@example.com
Alex Rodriguez,alex.rodriguez817@test.org
Reese Smith,reese.smith364@mail.com
Quinn Martinez,quinn.martinez246@example.com
Sawyer Miller,sawyer.miller782@sample.net
Kendall Taylor,kendall.taylor734@mail.com
Emerson Martin,emerson.martin611@test.org
Cameron Miller,cameron.miller744@mail.com
Sawyer Taylor,sawyer.taylor951@example.com
Drew Moore,drew.moore719@example.com
Logan Martinez,logan.martinez427@sample.net
Alex Hernandez,alex.hernandez645@mail.com
Finley Smith,finley.smith641@example.com
Morgan Miller,morgan.miller210@example.com
Drew Anderson,drew.anderson879@mail.com
Riley Hernandez,riley.hernandez200@test.org
Sawyer Garcia,sawyer.garcia328@test.org
Kendall Gonzalez,kendall.gonzalez989@sample.net
Jamie Jackson,jamie.jackson437@mail.com
Finley Davis,finley.davis585@mail.com
Quinn Jackson,quinn.jackson607@sample.net
Alex Hernandez,alex.hernandez179@sample.net
Riley Wilson,riley.wilson72@mail.com
Rowan Martin,rowan.martin952@test.org
Finley Hernandez,finley.hernandez888@sample.net
Sawyer Gonzalez,sawyer.gonzalez559@sample.net
Harper Rodriguez,harper.rodriguez624@sample.net
Sawyer Davis,sawyer.davis826@test.org
Alex Brown,alex.brown967@sample.net
Rowan Brown,rowan.brown47@test.org
Finley Lopez,finley.lopez541@example.com
Jordan Taylor,jordan.taylor946@test.org
Logan Brown,logan.brown497@sample.net
Taylor Brown,taylor.brown821@mail.com
Jordan Davis,jordan.davis456@test.org
Kendall Lopez,kendall.lopez835@test.org
Drew Rodriguez,drew.rodriguez335@example.com
Morgan Wilson,morgan.wilson204@example.com
Avery Davis,avery.davis179@test.org
Taylor Smith,taylor.smith192@sample.net
Avery Jackson,avery.jackson962@example.com
Alex Hernandez,alex.hernandez978@test.org
Casey Wilson,casey.wilson35@example.com
Avery Wilson,avery.wilson317@mail.com
Casey Davis,casey.davis838@test.org
Alex Miller,alex.miller693@example.com
Parker Hernandez,parker.hernandez549@sample.net
Sawyer Moore,sawyer.moore789@test.org
Alex Gonzalez,alex.gonzalez76@sample.net
Casey Miller,casey.miller228@test.org
Finley Hernandez,finley.hernandez265@sample.net
Drew Thomas,drew.thomas174@example.com
Reese Johnson,reese.johnson429@sample.net
Sawyer Johnson,sawyer.johnson912@test.org
Sawyer Garcia,sawyer.garcia638@example.com
Sawyer Williams,sawyer.williams949@example.com
Jamie Wilson,jamie.wilson876@mail.com
Riley Martinez,riley.martinez911@sample.net
Quinn Williams,quinn.williams236@example.com
Taylor Martin,taylor.martin476@sample.net
Avery Davis,avery.davis665@example.com
Drew Jackson,drew.jackson531@test.org
Logan Anderson,logan.anderson337@example.com
Drew Brown,drew.brown210@mail.com
Harper Martinez,harper.martinez450@example.com
Riley Martinez,riley.martinez722@test.org
Reese Anderson,reese.anderson974@sample.net
Casey Lopez,casey.lopez170@test.org
Parker Davis,parker.davis182@mail.com
Harper Martinez,harper.martinez196@example.com
Jordan Martin,jordan.martin261@mail.com
Jamie Hernandez,jamie.hernandez412@mail.com
Finley Smith,finley.smith867@test.org
Sawyer Johnson,sawyer.johnson52@example.com
Quinn Martin,quinn.martin820@example.com
Quinn Wilson,quinn.wilson378@sample.net
Finley Williams,finley.williams978@mail.com
Parker Hernandez,parker.hernandez745@test.org
Sawyer Brown,sawyer.brown378@example.com
Avery Garcia,avery.garcia314@test.org
Cameron Taylor,cameron.taylor225@test.org
Rowan Anderson,rowan.anderson445@sample.net
Avery Johnson,avery.johnson881@sample.net
Taylor Miller,taylor.miller883@sample.net
Sawyer Smith,sawyer.smith119@example.com
Casey Gonzalez,casey.gonzalez349@sample.net
Logan Gonzalez,logan.gonzalez724@sample.net
Morgan Lopez,morgan.lopez426@mail.com
Emerson Brown,emerson.brown456@example.com
Rowan Rodriguez,rowan.rodriguez561@sample.net
Finley Thomas,finley.thomas314@sample.net
Harper Johnson,harper.johnson536@mail.com
Sawyer Hernandez,sawyer.hernandez284@example.com
Casey Miller,casey.miller697@sample.net
Casey Wilson,casey.wilson437@sample.net
Alex Brown,alex.brown562@mail.com
Alex Rodriguez,alex.rodriguez355@mail.com
Quinn Brown,quinn.brown964@mail.com
Harper Williams,harper.williams865@sample.net
Logan Jones,logan.jones589@example.com
Cameron Gonzalez,cameron.gonzalez741@mail.com
Finley Anderson,finley.anderson224@mail.com
Logan Smith,logan.smith16@mail.com
Drew Gonzalez,drew.gonzalez784@example.com
Riley Davis,riley.davis65@sample.net
Rowan Moore,rowan.moore392@example.com
Morgan Williams,morgan.williams219@mail.com
Riley Williams,riley.williams943@mail.com
Cameron Wilson,cameron.wilson523@sample.net
Taylor Anderson,taylor.anderson503@mail.com
Casey Thomas,casey.thomas860@example.com
Riley Taylor,riley.taylor974@mail.com
Reese Jackson,reese.jackson299@sample.net
Emerson Wilson,emerson.wilson375@mail.com
Emerson Gonzalez,emerson.gonzalez115@mail.com
Sawyer Rodriguez,sawyer.rodriguez16@mail.com
Morgan Williams,morgan.williams610@mail.com
Casey Thomas,casey.thomas507@sample.net
Riley Brown,riley.brown702@example.com
Parker Taylor,parker.taylor748@test.org
Reese Davis,reese.davis631@sample.net
Taylor Johnson,taylor.johnson653@sample.net
Alex Lopez,alex.lopez555@sample.net
Jordan Johnson,jordan.johnson509@example.com
Reese Garcia,reese.garcia839@mail.com
Taylor Gonzalez,taylor.gonzalez201@example.com
Avery Davis,avery.davis282@test.org
Jamie Rodriguez,jamie.rodriguez508@mail.com
Avery Davis,avery.davis292@test.org
Parker Wilson,parker.wilson696@example.com
Harper Davis,harper.davis160@example.com
Emerson Davis,emerson.davis490@test.org
Quinn Miller,quinn.miller566@sample.net
Drew Davis,drew.davis938@example.com
Morgan Anderson,morgan.anderson813@test.org
Taylor Martin,taylor.martin438@example.com
Emerson Gonzalez,emerson.gonzalez763@sample.net
Cameron Johnson,cameron.johnson150@test.org
Logan Rodriguez,logan.rodriguez789@example.com
Parker Hernandez,parker.hernandez4@mail.com
Drew Smith,drew.smith330@example.com
Quinn Lopez,quinn.lopez726@mail.com
Taylor Johnson,taylor.johnson803@sample.net
Drew Davis,drew.davis676@example.com
Jamie Miller,jamie.miller320@mail.com
Casey Brown,casey.brown826@sample.net
Drew Williams,drew.williams650@mail.com
Jamie Brown,jamie.brown5@mail.com
Parker Johnson,parker.johnson110@mail.com
Casey Lopez,casey.lopez318@test.org
Kendall Miller,kendall.miller671@sample.net
Finley Jackson,finley.jackson983@test.org
Cameron Brown,cameron.brown11@sample.net
Logan Miller,logan.miller410@mail.com
Finley Jones,finley.jones576@test.org
Casey Lopez,casey.lopez397@sample.net
Taylor Wilson,taylor.wilson808@example.com
Reese Brown,reese.brown890@mail.com
Kendall Jones,kendall.jones307@sample.net
Jordan Martinez,jordan.martinez821@mail.com
Quinn Smith,quinn.smith235@sample.net
Quinn Taylor,quinn.taylor900@example.com
Jamie Johnson,jamie.johnson963@example.com
Reese Smith,reese.smith818@test.org
Sawyer Smith,sawyer.smith946@mail.com
Sawyer Taylor,sawyer.taylor53@sample.net
Emerson Anderson,emerson.anderson73@example.com
Rowan Martin,rowan.martin951@mail.com
